p	uj	rj	ue	re
0	ネコ	0.0	Cat	0.0
1	ネコビルダー	0.0	Macho Cat	0.0
2	ネコモヒカン	0.0	Mohawk Cat	0.0
3	タンクネコ	0.0	Tank Cat	0.0
4	ネコカベ	0.0	Wall Cat	0.0
5	ゴムネコ	0.0	Eraser Cat	0.0
6	バトルネコ	0.0	Axe Cat	0.0
7	勇者ネコ	0.0	Brave Cat	0.0
8	暗黒ネコ	0.0	Dark Cat	0.0
9	キモネコ	0.0	Gross Cat	0.0
10	美脚ネコ	0.0	Sexy Legs Cat	0.0
11	ムキあしネコ	0.0	Macho Leg Cat	0.0
12	ウシネコ	0.0	Cow Cat	0.0
13	ネコキリン	0.0	Giraffe Cat	0.0
14	ネコライオン	0.0	Lion Cat	0.0
15	ネコノトリ	0.0	Bird Cat	0.0
16	ネコＵＦＯ	0.0	UFO Cat	0.0
17	天空のネコ	0.0	The Flying Cat	0.0
18	ネコフィッシュ	0.0	Fish Cat	0.0
19	ネコクジラ	0.0	Whale Cat	0.0
20	ネコ島	0.0	Island Cat	0.0
21	ネコトカゲ	0.0	Lizard Cat	0.0
22	ネコドラゴン	0.0	Dragon Cat	0.0
23	ネコキングドラゴン	0.0	King Dragon Cat	0.0
24	巨神ネコ	0.0	Titan Cat	0.0
25	ネコダラボッチ	0.0	Mythical Titan Cat	0.0
26	ネコジャラミ	0.0	Jamiera Cat	0.0
27	ネコ女優	1.0	Actress Cat	1.0
28	ネコ聖母	1.0	Mother Cat	1.0
29	ネコマッチョ	1.0	Beefcake Cat	1.0
30	カンフーにゃんこ	1.0	Kung Fu Cat	1.0
31	酔拳にゃんこ	1.0	Drunken Master Cat	1.0
32	ネコダンサー	1.0	Dancer Cat	1.0
33	Mr.	1.0	Mr.	1.0
34	Super Mr.	1.0	Super Mr.	1.0
35	Hyper Mr.	1.0	Hyper Mr.	1.0
36	猫縛り	1.0	Bondage Cat	1.0
37	猫縛りNEO	1.0	Bondage CatNEO	1.0
38	猫縛り極上	1.0	Ultimate Bondage Cat	1.0
39	女王猫	1.0	Dom Cat	1.0
40	処刑人	1.0	Executioner	1.0
41	暗黒嬢	1.0	Dark Lazer	1.0
42	ネコの箱詰め	1.0	Cats in a Box	1.0
43	ネコギャング	1.0	Cat Gang	1.0
44	重機C・A・T	1.0	Heavy Assault C.A.T.	1.0
45	ネコパンツ	1.0	Panties Cat	1.0
46	ネコ葉っぱ	1.0	Leaf Cat	1.0
47	ネコぺろきゃん	1.0	Lollycat	1.0
48	もねこ	1.0	Moneko	1.0
49	スターもねこ	1.0	Miss MONEKO	1.0
51	ネコリンリン	1.0	Tricycle Cat	1.0
52	ネコワイルド	1.0	Biker Cat	1.0
53	イチリンリン	1.0	Unicycle Cat	1.0
54	ネコ忍者	1.0	Ninja Cat	1.0
55	ガマネコ忍者	1.0	Ninja Frog Cat	1.0
56	ムササビネコ忍者	1.0	Flying Ninja Cat	1.0
57	ネコゾンビ	1.0	Zombie Cat	1.0
58	デビルネコ	1.0	Devil Cat	1.0
59	ネコボーン	1.0	Skelecat	1.0
60	ネコざむらい	1.0	Samurai Cat	1.0
61	ネコナイト	1.0	Knight Cat	1.0
62	ネコパティシエ	1.0	Pastry Cat	1.0
63	スモウネコ	1.0	Sumo Cat	1.0
64	マダム・ザ・スモウ	1.0	Madame Sumo	1.0
65	ネコにぎり	1.0	Riceball Cat	1.0
66	ネコフィーバー	1.0	Boogie Cat	1.0
67	ネコカーニバル	1.0	Samba Cat	1.0
68	ネコアミーゴ	1.0	Gato Amigo	1.0
69	ネコスカート	1.0	Skirt Cat	1.0
70	ネコタイツ	1.0	Tights Cat	1.0
71	ねこななふん	1.0	Loincloth Cat	1.0
72	ネコヴァルキリー	1.0	Valkyrie Cat	1.0
73	ネコヴァルキリー・真	1.0	True Valkyrie Cat	1.0
74	ネコヴァルキリー・聖	1.0	Holy Valkyrie Cat	1.0
75	ネコムート	1.0	Bahamut Cat	1.0
76	狂乱のネコムート	1.0	Crazed Bahamut Cat	1.0
77	覚醒のネコムート	1.0	Awakened Bahamut Cat	1.0
78	ケリ姫	1.0	Kerihime	1.0
79	フルカラーケリ姫	1.0	Full color Kerihime	1.0
80	ウェディングケリ姫	1.0		
81	ネコひめ	1.0	Cat Princess	1.0
82	ネコひめビューティ	1.0	Cat Princess beauty	1.0
84	ネコカプセル	1.0	Capsule Cat	1.0
85	ねこ盛り	1.0	Cramped Cats	1.0
87	マスクオブネコ	1.0	Masked Cat	1.0
88	ネコレスラー	1.0	Luchador Cat	1.0
90	ネコぼさつ	3.0	Bodhisattva Cat	3.0
91	ネコせんじゅ	3.0	Avalokitesvara Cat	3.0
92	ネコにょらい	3.0	Tathagata Cat	3.0
93	ネコ番長	3.0	Delinquent Cat	3.0
94	怒りのネコ番長	3.0	Angry Delinquent Cat	3.0
95	押忍！ネコ番長	3.0	Ultra Delinquent Cat	3.0
96	ネコザイル	3.0	Hip Hop Cat	3.0
97	ネコ裸踊り	3.0	Dancing Flasher Cat	3.0
98	ネコカンカン	3.0	Can Can Cat	3.0
99	ねこタツ	3.0	Kotatsu Cat	3.0
100	ねこＴＶ	3.0	Sadako Cat	3.0
101	ねこタコつぼ	3.0	Octopus Cat	3.0
102	ネコルガ	4.0	Nekoluga	4.0
103	ケサランパサラン	4.0	Unknown Cat	4.0
104	ウルトラケサラン	4.0	Ultralan Pasalan	4.0
105	オタネコ	3.0	Nerd Cat	3.0
106	ネコハッカー	3.0	Hacker Cat	3.0
107	ネコスーパーハッカー	3.0	Cyberpunk Cat	3.0
108	ネコスイマー	3.0	Swimmer Cat	3.0
109	ネコバタフライ	3.0	Butterfly Cat	3.0
110	ネコ半魚人	3.0	Fishman Cat	3.0
111	ネコホッピング	2.0	Pogo Cat	2.0
112	ネコマサイ	2.0	Masai Cat	2.0
113	ネコキョンシー	2.0	Jiangshi Cat	2.0
114	ネコ車輪	2.0	Wheel Cat	2.0
115	ネコ太陽	2.0	Solar Cat	2.0
116	ネコクール	2.0	Chill Cat	2.0
117	ネコリンゴ	3.0	Apple Cat	3.0
118	カオルくん	3.0	Face Cat	3.0
119	ネコアップル	3.0	iCat	3.0
120	ネコバスたぶ	3.0	Bath Cat	3.0
121	セクシーネコバスたぶ	3.0	Sexy Bathtub Cat	3.0
122	ネコバスたぶゴールデン	3.0	Luxury Bath Cat	3.0
123	ネコエステ	2.0	Salon Cat	2.0
124	ネコジェンヌ	2.0	Paris Cat	2.0
125	ネコパーフェクト	2.0	Cyborg Cat	2.0
126	ネコアイス	4.0	Ice Cat	4.0
127	ネコアイスクイーン	4.0	Ice Queen Cat	4.0
128	ネコアイスクリスタル	4.0	Ice Crystal Cat	4.0
129	ネコマシン	4.0	Cat Machine	4.0
130	ネコマシン・破	4.0	Cat Machine Mk 2	4.0
131	ネコマシン・滅	4.0	Cat Machine Mk 3	4.0
132	鬼にゃんま	4.0	Lesser Demon Cat	4.0
133	鬼神にゃんま	4.0	Greater Demon Cat	4.0
134	獄炎鬼にゃんま	4.0	Balrog Cat	4.0
135	芸者ねこ	1.0	Maiko Cat	1.0
136	ネコでありんした	1.0	Geisha Cat	1.0
138	ねこジュラ	2.0	Jurassic Cat	2.0
139	ねこジュラシッター	2.0	Jurassic Cat Sitter	2.0
140	ねこジュラザウルス	2.0	Catasaurus	2.0
141	ねこファイター	2.0	Viking Cat	2.0
142	メガトンファイター	2.0	Thor Cat	2.0
143	マキシマムファイター	2.0	Maximum the Fighter	2.0
144	ねこ海賊	2.0	Pirate Cat	2.0
145	ニャーコック船長	2.0	Captain Cat	2.0
146	ニャック・スパロウ	2.0	Dread Pirate Catley	2.0
147	ねこ泥棒	2.0	Thief Cat	2.0
148	怪盗ニャコン	2.0	Phantom Thief Cat	2.0
149	ネゴエモン	2.0	Goemon Cat	2.0
150	ねこ僧侶	2.0	Bishop Cat	2.0
151	ねこ坊主	2.0	Monk Cat	2.0
152	ねこ法師	2.0	Sanzo Cat	2.0
153	ねこ占い師	2.0	Fortune Teller Cat	2.0
154	ねこふんど師	2.0	Fisherman Cat	2.0
155	ねこ医師	2.0	Doctor Cat	2.0
156	ネコシャーマン	2.0	Shaman Cat	2.0
157	ネコラマンサー	2.0	Necromancer Cat	2.0
158	ネコオドラマンサー	2.0	Necro-Dancer Cat	2.0
159	エヴァンジェリスト	4.0	Evangelist Cat	4.0
160	フィリバスター	4.0	Filibuster Cat	4.0
162	10式戦車	1.0		
163	ネコ搭乗10式戦車	1.0		
165	ネコ魔女	2.0	Witch Cat	2.0
166	ネコマージョ	2.0	Sorceress Cat	2.0
167	ネコビマージョ	2.0	Enchantress Cat	2.0
168	ネコアーチャー	2.0	Archer Cat	2.0
169	ネコキューピット	2.0	Cupid Cat	2.0
170	ネコいて座	2.0	Cataur	2.0
171	ネコシュバリエ	4.0	Marauder Cat	4.0
172	ネコベルセルク	4.0	Berserker Cat	4.0
173	ネコパラディン	4.0	Paladin Cat	4.0
174	ネコ魔剣士	2.0	Swordsman Cat	2.0
175	双剣ネコ魔剣士	2.0	Sword Master Cat	2.0
176	双炎舞ネコ魔剣士	2.0	Elemental Duelist Cat	2.0
177	ねこベビー	4.0	Baby Cat	4.0
178	ねこベビーズ	4.0	Baby Cats	4.0
179	ネコベビーカーズ	4.0	Cats in the Cradle	4.0
180	ネコブ・ロンズ	2.0	Bronze Cat	2.0
181	芸術のネコスタチュ	2.0	Michelangelo Cat	2.0
182	ネコクイズ王	2.0	Quizmaster Cat	2.0
183	ねこ寿司	3.0	Sushi Cat	3.0
184	ねこリーゼント	3.0	Fried Shrimp Cat	3.0
185	ネコ極上	3.0	Roe Cat	3.0
186	ネコポン	1.0	Capsule Cat	1.0
187	ネコポニョン	1.0	Vendor Cat	1.0
189	ネコ運動会	2.0	Sports Day Cat	2.0
190	ネコラッチ	2.0	Kidnapper Cats	2.0
191	ネコ棒倒し	2.0	Rampage Cats	2.0
192	剣士	2.0		
193	剣士ジョニー	2.0		
195	ウシ姫	2.0		
196	キリン姫	2.0		
198	KHM48	4.0		
199	ダークKHM48	4.0		
200	KHM46	4.0		
201	チビガウ	2.0		
202	チビガウガウ	2.0		
204	執行者	3.0		
205	執行者999	3.0		
206	ジャッジメント	3.0		
207	眠れるケリの美女	3.0		
208	眠れるケリの美女Ⅱ	3.0		
209	ひたすら眠れるケリの美女	3.0		
210	ネコリーマン	2.0	Salaryman Cat	2.0
211	ネコ怨み	2.0	Grudge Cat	2.0
212	ネコ火祭り	2.0	Ritual Cat	2.0
213	真田幸村	4.0	Sanada Yukimura	4.0
214	武神・真田幸村	4.0	Wargod Yukimura	4.0
215	飛翔の武神・真田幸村	4.0	Immortal Yukimura	4.0
216	前田慶次	4.0	Maeda Keiji	4.0
217	武神・前田慶次	4.0	Wargod Keiji	4.0
218	憤怒の武神・前田慶次	4.0	Immortal Keiji	4.0
219	織田信長	4.0	Oda Nobunaga	4.0
220	武神・織田信長	4.0	Wargod Nobunaga	4.0
221	天魔・織田信長	4.0	Immortal Nobunaga	4.0
222	トナカイフィッシュ	2.0	Reindeer Fish Cat	2.0
223	ネコ魚のお造り	2.0	Sashimi Cat	2.0
224	フィッシュ・ド・ノエル	2.0	Xmas Pudding Cat	2.0
225	風神のウィンディ	4.0	Windy	4.0
226	風神のウィンディα	4.0	Windy, type α	4.0
227	疾風神のウィンディα	4.0	Divine Windy	4.0
228	雷神のサンディア	4.0	Thundia	4.0
229	雷神のサンディアβ	4.0	Thundia, type β	4.0
230	迅雷神のサンディアβ	4.0	Divine Thundia	4.0
231	ドロイド	2.0	Droid Cat	2.0
232	ニャンドロイド	2.0	Droid Cat Mk 2	2.0
233	ハルドロイド	2.0	SpringDroid	2.0
234	ネコと宇宙	2.0	Space Cat	2.0
235	ニャア少佐	2.0	Major Space Cat	2.0
236	駆動戦士ネコ	2.0	Space Marine Cat	2.0
237	にゃんこ成人	2.0	Adult Cat	2.0
238	にゃんこ病人	2.0	Sick Cat	2.0
239	にゃんこ囚人	2.0	Prisoner Cat	2.0
240	吾輩は鬼である	2.0	Evil Cat	2.0
241	ネコ紳士	2.0	Gentleman Cat	2.0
242	ネコ紳士同盟	2.0	Gentleman Bros.	2.0
243	ひなにゃんこ	2.0	Doll Cats	2.0
244	超号珍ニャジンガー	2.0	Cat-o-tron	2.0
245	ニャラジン	2.0	Nyalladin	2.0
246	ネコ忍者～青～	1.0	Blue Shinobi	1.0
247	ネコ忍者～橙～	1.0	Orange Shinobi	1.0
249	地龍ソドム	4.0	Sodom	4.0
250	地龍王ソドム	4.0	Earth King Sodom	4.0
251	地龍皇帝ソドム	4.0	God-Emperor Sodom	4.0
252	聖龍メギドラ	4.0	Megidora	4.0
253	聖龍王メギドラ	4.0	Holy Dragon Megidora	4.0
254	聖龍皇帝メギドラ	4.0	God-Emperor Megidora	4.0
255	竜騎士バルス	4.0	Vars	4.0
256	竜騎士王バルス	4.0	Dragon King Vars	4.0
257	竜騎士皇帝バルス	4.0	God-Emperor Vars	4.0
258	神龍かむくら	4.0	Kamukura	4.0
259	神龍王かむくら	4.0	God Dragon Kamukura	4.0
260	神龍皇帝かむくら	4.0	God-Emperor Kamukura	4.0
261	竜戦機ライデン	4.0	Raiden	4.0
262	竜戦機王ライデン	4.0	Dragonslayer Raiden	4.0
263	竜戦機皇帝ライデン	4.0	God-Emperor Raiden	4.0
264	ネコなわとび	2.0	Rope Jump Cat	2.0
265	ネコネコなわとび	2.0	Pair Rope Jump Cat	2.0
266	ネコ蕎麦屋	2.0	Noodle Cats	2.0
267	ニムエ	4.0		
268	帰化型ニムエ	4.0		
270	猿王	4.0		
271	SSS猿王	4.0		
273	狂乱のネコ	3.0	Crazed Cat	3.0
274	狂乱のネコビルダー	3.0	Crazed Macho Cat	3.0
275	大狂乱のネコモヒカン	3.0	Manic Mohawk Cat	3.0
276	狂乱のタンクネコ	3.0	Crazed Tank Cat	3.0
277	狂乱のネコカベ	3.0	Crazed Wall Cat	3.0
278	大狂乱のゴムネコ	3.0	Manic Eraser Cat	3.0
279	狂乱のバトルネコ	3.0	Crazed Axe Cat	3.0
280	狂乱の勇者ネコ	3.0	Crazed Brave Cat	3.0
281	大狂乱の暗黒ネコ	3.0	Manic Dark Cat	3.0
282	狂乱のキモネコ	3.0	Crazed Gross Cat	3.0
283	狂乱の美脚ネコ	3.0	Crazed Sexy Legs Cat	3.0
284	大狂乱のムキあしネコ	3.0	Manic Macho Legs	3.0
285	狂乱のウシネコ	3.0	Crazed Cow Cat	3.0
286	狂乱のキリンネコ	3.0	Crazed Giraffe Cat	3.0
287	大狂乱のネコライオン	3.0	Manic Lion Cat	3.0
288	狂乱のネコノトリ	3.0	Crazed Bird Cat	3.0
289	狂乱のネコUFO	3.0	Crazed UFO Cat	3.0
290	大狂乱の天空のネコ	3.0	Manic Flying Cat	3.0
291	狂乱のネコフィッシュ	3.0	Crazed Fish Cat	3.0
292	狂乱のネコクジラ	3.0	Crazed Whale Cat	3.0
293	大狂乱のネコ島	3.0	Manic Island Cat	3.0
294	狂乱のネコトカゲ	3.0	Crazed Lizard Cat	3.0
295	狂乱のネコドラゴン	3.0	Crazed Dragon Cat	3.0
296	大狂乱のネコキングドラゴン	3.0	Manic King Dragon	3.0
297	狂乱の巨神ネコ	3.0	Crazed Titan Cat	3.0
298	狂乱のネコダラボッチ	3.0	Crazed M. Titan Cat	3.0
299	大狂乱のネコジャラミ	3.0	Manic Jamiera Cat	3.0
300	ネコ乙女	2.0	Maiden Cat	2.0
301	モトコ	2.0	Sportsgirl Cat	2.0
302	サホリ	2.0	Wrestling Cat	2.0
303	弱酸性エル	1.0		
304	弱酸性エルCC	1.0		
306	レッドマローン	1.0		
307	レッドマローンCC	1.0		
309	歌謡にゃんこ	1.0		
310	メガにゃんこ	1.0		
311	メガにゃんこEX	1.0		
312	マジでコイしてる	2.0	Koi Cat	2.0
313	コイ・the・Night	2.0	Gross Koi Cat	2.0
314	キスヨリ・ス・ゴイ	2.0	Kiss and Koi	2.0
315	猿帝のクウ	4.0	Kuu	4.0
316	猿帝のクウγ	4.0	Kuu, type γ	4.0
317	金猿帝のクウγ	4.0	Divine Kuu	4.0
318	召し豚のカイ	4.0	Kai	4.0
319	召し豚のカイμ	4.0	Kai, type μ	4.0
320	召し猪のカイμ	4.0	Divine Kai	4.0
321	宝杖のカッパーマイン	4.0	Coppermine	4.0
322	宝杖のカッパーκ	4.0	Coppermine, type κ	4.0
323	光宝杖のカッパーκ	4.0	Divine Coppermine	4.0
324	にゃんこ３兄弟	1.0	Cat Bros	1.0
325	秘密要塞ネコロス	1.0	Secret Base	1.0
327	マダム・ザ・花嫁	2.0	Madam Bride	2.0
328	マダム・ザ・王様	2.0	Madam King	2.0
329	マダム・ザ・サバンナ	2.0	Madam the Savannah	2.0
330	セレス	2.0		
331	セレスCC	2.0		
333	ノノ	2.0		
334	ノノCC	2.0		
336	オルガ	2.0		
337	オルガCC	2.0		
339	ノルン	2.0		
340	ノルンCC	2.0		
342	よいち	2.0		
343	よいちCC	2.0		
345	セラム	2.0		
346	セラムCC	2.0		
348	フウ	2.0		
349	フウCC	2.0		
351	アウラ	3.0		
352	アウラCC	3.0		
354	レイ	3.0		
355	レイCC	3.0		
357	ワイバーン	4.0		
358	ニャイバーン	4.0		
360	癒術士	1.0		
361	癒術士CC	1.0		
362	にゃんこ化癒術士ＣＣ	1.0		
363	メルク	1.0		
364	メルクCC	1.0		
365	にゃんことメルクCC	1.0		
366	女王様の休日	2.0	Vacation Queen	2.0
367	いつものＯＬ	2.0	Office Lady Cat	2.0
368	コールセンターのＯＬ	2.0	Call Center Cat	2.0
369	マメマメにゃんこ	1.0	Bean Cats	1.0
370	ラブラブにゃんこ	1.0	Brah Cats	1.0
372	伊達政宗	4.0	Date Masamune	4.0
373	武神・伊達政宗	4.0	Wargod Masamune	4.0
374	邪眼竜の武神・伊達政宗	4.0	Immortal Masamune	4.0
375	武田信玄	4.0	Takeda Shingen	4.0
376	武神・武田信玄	4.0	Wargod Shingen	4.0
377	猛牛の武神・武田信玄	4.0	Immortal Shingen	4.0
378	カラクリにゃんこ	2.0	Clockwork Cat	2.0
379	ネコ人形師	2.0	Puppetmaster Cat	2.0
380	ネコチャッピー	2.0	Puppetmaster & Charley	2.0
381	ネコフラワー	1.0	Flower Cat	1.0
382	にゃんこ扇風	1.0	Cooldown Cat	1.0
383	ネコボンバー	1.0	Bombercat	1.0
384	うらめしにゃん	2.0	Vengeful Cat	2.0
385	ハナメガにゃん	2.0	Groucho Cat	2.0
386	凧にゃん	2.0	Kite Cat	2.0
387	金ネコ	3.0	Gold Cat	3.0
388	金ネコビルダー	3.0	Gold Macho Cat	3.0
390	ウルフとウルルン	1.0	Ururun Wolf	1.0
391	タマとウルルン	1.0	Ururun Cat	1.0
392	覚醒のタマとウルルン	1.0	Awakened Ururun	1.0
393	ねねこ	3.0	Neneko	3.0
394	スターねねこ	3.0	Miss NENEKO	3.0
396	カンフーにゃんこＧ	2.0	Kung Fu Cat X	2.0
397	酔拳にゃんこＧ	2.0	Drunken Master Cat X	2.0
398	剛拳にゃんこＧ	2.0	Iron Claw X	2.0
399	ヒカキン	1.0		
400	ビキャキン	1.0		
401	ムキャキン	1.0		
402	うらしまタロウ	4.0	Urashima Taro	4.0
403	竜宮獣ガメレオン	4.0	Guardian Gamereon	4.0
404	竜宮超獣キングガメレオン	4.0	King Gamereon	4.0
405	ツルの恩返し	4.0	The Grateful Crane	4.0
406	銀河戦士コスモ	4.0	Super Galaxy Cosmo	4.0
407	究極戦士コズミックコスモ	4.0	Ultima Galaxy Cosmo	4.0
408	ももたろう	4.0	Momotaro	4.0
409	爆走兄弟ピーチスター	4.0	The Peach Angels	4.0
410	爆走兄弟ピーチジャスティス	4.0	The Peach Devils	4.0
411	かさじぞう	4.0	Kasa Jizo	4.0
412	地蔵要塞カムイ	4.0	Jizo's Moving Castle	4.0
413	地蔵要塞ゼロカムイ	4.0	Jizo's Mega-Castle	4.0
414	かぐやひめ	4.0	Princess Kaguya	4.0
415	破壊衛星デスムーン	4.0	The Death Moon	4.0
416	破壊衛星カオスムーン	4.0	The Chaos Moon	4.0
417	ネコンドー	1.0		
418	ネコンドーＨＧ	1.0		
419	ネコンドーＳＰ	1.0		
420	ふにゅふにゅネコ	1.0	Squish Ball Cat	1.0
421	むきゅむきゅネコ	1.0	Muscleman Cat	1.0
423	神様	1.0	God	1.0
424	シークレット神様	1.0	Secret God	1.0
426	ネコチュートリアル	1.0		
427	裏チュートリアル	1.0		
429	ねこナース	4.0	Nurse Cat	4.0
430	ハートフルねこナース	4.0	Heartful Nurse Cat	4.0
431	ジョイフルねこナース	4.0	Joyful Nurse Cat	4.0
432	にゃんこ城Mini	3.0	Cat Base Mini	3.0
433	にゃんこ城Jr	3.0	Cat Base Jr.	3.0
435	ねこガンマン	2.0	Cat Gunslinger	2.0
436	ねこウエスタン	2.0	Cat Eastwood	2.0
437	ねこロデオ	2.0	Rodeo Cat	2.0
438	たけうまねこ	2.0	Stilts Cat	2.0
439	トーテムねこ	2.0	Totem Cat	2.0
440	ねこ雑技団	2.0	Acrobat Cats	2.0
441	ブリキネコ	2.0	Tin Cat	2.0
442	プレーンネコ	2.0	Plane Cat	2.0
443	ネコロボット	2.0	Robocat	2.0
444	ねこロッカー	2.0	Rocker Cat	2.0
445	ねこアーティスト	2.0	Artist Cat	2.0
446	ねこラーメン道	2.0	Ramen Cat	2.0
447	ねこ人魚	2.0	Mer-Cat	2.0
448	ねこソルジャー	2.0	Commando Cat	2.0
449	ネコカメラマン	2.0	Cameraman Cat	2.0
450	窓辺の乙女ネコ	3.0	Juliet Cat	3.0
451	窓辺の姫君ネコ	3.0	Princess Juliet Cat	3.0
452	窓辺の舞妓にゃん	3.0	Juliet the Maiko	3.0
453	ネコバーベル	3.0	Weightlifter Cat	3.0
454	ネコRG	3.0	Ring Girl Cat	3.0
455	ネコデリバリー	3.0	Pizza Cat	3.0
456	ネコスケート	3.0	Figure Skating Cats	3.0
457	よいではにゃいか	3.0	Drama Cats	3.0
458	にゃんでやねん	3.0	Slapstick Cats	3.0
459	ネコトースター	3.0	Cat Toaster	3.0
460	ネコ映写機	3.0	Cat Projector	3.0
461	ネコクラシック	3.0	Catophone	3.0
462	ねこフープ	2.0	Hoop Cat	2.0
463	ねこトリプルフープ	2.0	Showoff Cat	2.0
464	ねこグルグルフープ	2.0	Hoopmaster Cat	2.0
465	156-1	4.0		
466	156-2	4.0		
467	156-3	4.0		
468	ドラリー剣士	2.0		
469	ドラリー魔法使い	2.0		
471	ヌボボ	1.0		
472	ゴールボ	1.0		
474	上杉謙信	4.0	Uesugi Kenshin	4.0
475	武神・上杉謙信	4.0	Wargod Kenshin	4.0
476	暴威の武神・上杉謙信	4.0	Immortal Kenshin	4.0
477	冥界のカリファ	4.0	Kalisa	4.0
478	冥界のＸカリファ	4.0	Kalisa, type χ	4.0
479	冥界のＸＸカリファ	4.0	Divine Kalisa	4.0
480	ユーリンチー	3.0		
481	転生霊鳥ユーリンチー	3.0		
482	ゲキリンチー	3.0		
483	狂乱のケリ姫	4.0		
484	狂乱のケリ姫CC	4.0		
485	大狂乱のケリ姫	4.0		
486	綾小路 翔	1.0		
487	翔やん＆にゃんこ	1.0		
489	早乙女 光	1.0		
490	光＆にゃんこ	1.0		
492	西園寺 瞳	1.0		
493	トミー＆にゃんこ	1.0		
495	星グランマニエ	1.0		
496	ランマ＆にゃんこ	1.0		
498	白鳥松竹梅	1.0		
499	松＆にゃんこ	1.0		
501	ネコヤンキー	2.0		
502	ネコスケバン	2.0		
504	アシルガ	4.0	Asiluga	4.0
505	アシランパサラン	4.0	Asilan Pasalan	4.0
506	アタタタアシラン	4.0	Assassinlan Pasalan	4.0
507	クビルガ	4.0	Kubiluga	4.0
508	クビランパサラン	4.0	Kubilan Pasalan	4.0
509	E・クビランパサラン	4.0	E. Kubilan Pasalan	4.0
510	テコルガ	4.0	Tecoluga	4.0
511	テサランパサラン	4.0	Tesalan Pasalan	4.0
512	ムギワラテサラン	4.0	Lufalan Pasalan	4.0
513	バララガ	4.0	Balaluga	4.0
514	バラランパサラン	4.0	Balalan Pasalan	4.0
515	ピカランバララン	4.0	Piccolan Pasalan	4.0
516	コニャンダム	1.0	Li'l Nyandam	1.0
517	ネコニャンダム	1.0	Dark Emperor Catdam	1.0
518	覚醒のネコニャンダム	1.0	Schoolbus Nyandam	1.0
519	厨房マンボウ	3.0	Baby Mola	3.0
520	工房マンボウ	3.0	Young Man Mola	3.0
522	マンボ王	4.0	Mola King	4.0
523	生ける伝説	4.0	Living Legend	4.0
525	にゃんぼう	1.0	Meowla Meowla	1.0
526	ネコトーピード	1.0	Catorpedo	1.0
528	マシュマロにゃん	2.0	Marshmallow Cat	2.0
529	キモマロにゃん	2.0	Creepmallow	2.0
531	覇龍ディオラムス	4.0	Dioramos	4.0
532	覇龍王ディオラムス	4.0	Archdragon Dioramos	4.0
533	覇龍皇帝ディオラムス	4.0	God-Emperor Dioramos	4.0
534	極道にゃんこ	1.0		
535	ヤクザヴァンパイア	1.0		
537	タクヤとユキ	2.0		
538	タクヤとユキとネコ	2.0		
539	タクヤとビューティユキ	2.0		
540	謎の少女ユキ	4.0		
541	謎の少女ユキ＆ネコ	4.0		
542	謎のネコ耳少女ユキ	4.0		
543	ゆきにゃん	1.0		
544	ビューティゆきにゃん	1.0		
546	183-1	1.0		
547	183-2	1.0		
549	にゃんこカートR	2.0	Cat Kart R	2.0
550	にゃんこカートG	2.0	Cat Kart G	2.0
551	にゃんこカートP	2.0	Cat Kart P	2.0
552	ミスターニンジャ	1.0	Mr. Ninja	1.0
553	タンタン	1.0	Mint	1.0
555	ハルシュト	4.0		
556	ハルシュトCC	4.0		
557	革命のハルシュトCC	4.0		
558	コーネリア	4.0		
559	コーネリアCC	4.0		
561	ユーヴェンス	4.0		
562	ユーヴェンスCC	4.0		
563	休日の騎士様ユーヴェンスCC	4.0		
564	ミスティカ	4.0		
565	ミスティカCC	4.0		
567	アロイス	3.0		
568	アロイスCC	3.0		
570	シトルイユ	3.0		
571	シトルイユCC	3.0		
573	ティティ	1.0		
574	ティティCC	1.0		
575	ネコティティCC	1.0		
576	山岡実乃里	1.0		
577	クイーンみのりん	1.0		
579	中村奏絵	1.0		
580	クイーンかにー	1.0		
582	アキラ	4.0	Akira	4.0
583	シャドウ・アキラ	4.0	Shadow Akira	4.0
584	インフェルノ・アキラ	4.0	Inferno Akira	4.0
585	西園寺メカ子	4.0	Mekako Saionji	4.0
586	ドクトルDr.メカ子	4.0	Dr. Mekako	4.0
587	アストロDr.メカ子	4.0	Mission Control Mekako	4.0
588	キャットマンダディ	4.0	Catman	4.0
589	キャットマンダーク	4.0	Dark Catman	4.0
590	キャットマンライジング	4.0	Ultimate Catman	4.0
591	サイキックネコ	2.0	Psychocat	2.0
592	ネオサイキックネコ	2.0	Neo Psychocat	2.0
593	デビルサイキックネコ	2.0	Corrupted Psychocat	2.0
594	ねこ陰陽師	2.0	Onmyoji Cat	2.0
595	魔法少女ねこ	2.0	Magica Cat	2.0
596	ねこ大魔王	2.0	Thaumaturge Cat	2.0
597	ネコサーファー	3.0	Surfer Cat	3.0
598	ネコ漂流	3.0	Castaway Cat	3.0
599	ネコ漂流記	3.0	Seafarer Cat	3.0
600	メタルネコ	3.0	Metal Cat	3.0
601	メタルネコビルダー	3.0	Metal Macho	3.0
603	ドラムメニャー	2.0	Drumcorps Cat	2.0
604	プラカードにゃん	2.0	Banner Cat	2.0
605	ネコぺったん	2.0	Mochi Cat	2.0
606	小籠包にゃんこ	1.0	Baozi Cat	1.0
607	大籠包にゃんこ	1.0	Big Baozi	1.0
609	カチカチヤマンズ	4.0	Kachi-Kachi	4.0
610	炎護射撃車ウーウー	4.0	Fire Squad Kachiyama	4.0
611	豪炎狙撃車ウーウー	4.0	Kachiyama Assault Brigade	4.0
612	アイルー	1.0		
613	アイルー＆メラルー	1.0		
615	シェリア【キリン】	1.0		
616	シェリア【キリンX】	1.0		
618	リオレウス	1.0		
619	リオレウス＆にゃんこ	1.0		
621	リオレイア	1.0		
622	リオレイア＆にゃんこ	1.0		
624	キリンネコ	1.0		
625	キリンネコキリン	1.0		
627	ちびネコ	1.0	Li'l Cat	1.0
628	ちびネコビルダー	1.0	Li'l Macho Cat	1.0
629	ちびネコモヒカン	1.0	Li'l Mohawk Cat	1.0
630	ちびタンクネコ	1.0	Li'l Tank Cat	1.0
631	ちびネコカベ	1.0	Li'l Wall Cat	1.0
632	ちびゴムネコ	1.0	Li'l Eraser Cat	1.0
633	ちびバトルネコ	1.0	Li'l Axe Cat	1.0
634	ちび勇者ネコ	1.0	Li'l Brave Cat	1.0
635	ちび暗黒ネコ	1.0	Li'l Dark Cat	1.0
636	ホワイトラビット	4.0	The White Rabbit	4.0
637	ブラックキャット	4.0	The Black Cat	4.0
638	グレーフォックス	4.0	The Grey Fox	4.0
639	214-1	1.0	Catburger	1.0
640	214-2	1.0	Cat Royale	1.0
641			Value Meal Cat	1.0
642	百太郎	2.0	HYAKUTARO	2.0
643	百太郎CC	2.0	HYAKUTARO CC	2.0
645	マルコ	2.0	MARCO	2.0
646	マルコCC	2.0	MARCO CC	2.0
648	ターマ	2.0	TARMA	2.0
649	ターマCC	2.0	TARMA CC	2.0
651	エリ	2.0	ERI	2.0
652	エリCC	2.0	ERI CC	2.0
654	フィオ	2.0	FIO	2.0
655	フィオCC	2.0	FIO CC	2.0
657	SV-001	3.0	SV-001	3.0
658	SV-001CC	3.0	SV-001 CC	3.0
660	アレン・オニール	3.0	ALLEN O'NEIL	3.0
661	アレン・オニールCC	3.0	ALLEN O'NEIL CC	3.0
663	マーズピープル	2.0	MARS PEOPLE	2.0
664	マーズピープルCC	2.0	MARS PEOPLE CC	2.0
666	ヒュージハーミット	4.0	HUGE HERMIT	4.0
667	ヒュージハーミットCC	4.0	HUGE HERMIT CC	4.0
669	ジュピターキング	4.0	JUPITER KING	4.0
670	ジュピターキングCC	4.0	JUPITER KING CC	4.0
672	モーデン元帥	4.0	DONALD MORDEN	4.0
673	モーデン元帥CC	4.0	GENERAL MORDEN	4.0
675	ハイドゥ	4.0	HI-DO	4.0
676	ハイドゥCC	4.0	HI-DO CC	4.0
678	呪術師デスピエロ	4.0	Warlock and Pierre	4.0
679	闇商人バビル	4.0	Dark Merchant Babil	4.0
680	奇術科学者クレイG	4.0	Mad Doctor Klay	4.0
681	にゃんぷきん	2.0	Pumpcat	2.0
682	ねこランタン	2.0	Cat O'Lantern	2.0
684	ハロウィンねねこ	3.0	Gloomy Neneko	3.0
685	ハロウィン魔女ねねこ	3.0	Witchy Neneko	3.0
687	ウィンディスイート	4.0	Hallowindy	4.0
688	ウィンディスイートα	4.0	Hallowindy, type α	4.0
690	デビルサンディア	4.0	Spooky Thundia	4.0
691	デビルサンディアβ	4.0	Spooky Thundia, type β	4.0
693	おでん	1.0		
694	おでんCC	1.0		
696	光の神徒ヴァルキリー	2.0		
697	光の神徒ヴァルキリーCC	2.0		
699	神徒ブリュンヒルデ	2.0		
700	神徒ブリュンヒルデCC	2.0		
702	神徒スルズ	2.0		
703	神徒スルズCC	2.0		
705	豊穣の女神フレイヤ	3.0		
706	豊穣の女神フレイヤCC	3.0		
708	軍神オーディン	4.0		
709	軍神オーディンCC	4.0		
711	おかめはちもくネコ	3.0	Freshman Cat Jobs	3.0
712	おかめの水博士	3.0	Prof. Cat Jobs	3.0
714	ボンボンネコ	3.0	Rich Cat III	3.0
715	ネコボンのパパ	3.0	Rich Cat Sr.	3.0
717	見習いスニャイパー	3.0	Sniper the Recruit	3.0
718	ネゴルゴ	3.0	Sniper the Heavy	3.0
720	トゲルガ	4.0	Togeluga	4.0
721	トゲランパサラン	4.0	Togelan Pasalan	4.0
722	デイダラトゲラン	4.0	Shishilan Pasalan	4.0
723	雪だるまのスノーカイ	4.0	Frosty Kai	4.0
724	雪だるまのスノーカイμ	4.0	Frosty Kai, type μ	4.0
726	サンタのメリークウ	4.0	Santa Kuu	4.0
727	サンタのメリークウγ	4.0	Santa Kuu, type γ	4.0
729	聖夜のシスターカッパー	4.0	Holy Coppermine	4.0
730	聖夜のシスターカッパーκ	4.0	Holy Coppermine, type κ	4.0
732	ネコのプレゼント	2.0	A Gift of Cats	2.0
733	ネコプレゼント	2.0	Cat's Gift	2.0
735	ちびキモネコ	1.0	Li'l Gross Cat	1.0
736	ちび美脚ネコ	1.0	Li'l Sexy Legs Cat	1.0
737	ちびムキあしネコ	1.0	Li'l Macho Legs Cat	1.0
738	ちびウシネコ	1.0	Li'l Cow Cat	1.0
739	ちびネコキリン	1.0	Li'l Giraffe Cat	1.0
740	ちびネコライオン	1.0	Li'l Lion Cat	1.0
741	ちびネコノトリ	1.0	Li'l Bird Cat	1.0
742	ちびネコUFO	1.0	Li'l UFO Cat	1.0
743	天空のちびネコ	1.0	Li'l Flying Cat	1.0
744	死にたてにゃんこ	1.0	Undead Cat	1.0
745	化けにゃんこ	1.0	Bake-Nyanko	1.0
747	剣士	2.0		
748	セーラー服剣士	2.0		
749	明王の剣士	2.0		
750	騎馬兵	2.0		
751	森の騎馬兵	2.0		
752	迅雷の黒騎馬兵	2.0		
753	アシュラ	2.0		
754	武者アシュラ	2.0		
755	傾奇者アシュラ	2.0		
756	バトルバルーン	2.0		
757	海賊バトルバルーン	2.0		
758	バトルバルーンUFO	2.0		
759	ドラゴンライダー	2.0		
760	ボーンドラゴンライダー	2.0		
761	フレイムドラゴンライダー	2.0		
762	プリティキャット	2.0		
763	ラブリープリティキャット	2.0		
764	サイバープリティキャット	2.0		
765	サイクロプス	2.0		
766	鋼鉄のサイクロプス	2.0		
767	時空のサイクロプス	2.0		
768	ゴーレム	1.0		
769	うさぎゴーレム	1.0		
770	ボルケーノゴーレム	1.0		
771	天空神ゼウス	4.0	Thunder God Zeus	4.0
772	ギガントゼウス	4.0	The Majestic Zeus	4.0
774	守護神アヌビス	4.0	Anubis the Protector	4.0
775	パーフェクトアヌビス	4.0	Anubis the Unblemished	4.0
777	美女神アフロディーテ	4.0	Radiant Aphrodite	4.0
778	メガロディーテ	4.0	Megaphrodite	4.0
780	ネコウェイ	3.0	Catway	3.0
781	ネコドローン	3.0	Drone Cat	3.0
782	ネコタイムマシン	3.0	Time Traveller Cat	3.0
783	天誅ハヤブサ	4.0	Hayabusa	4.0
784	斬魔ハヤブサ	4.0	Oni Hayabusa	4.0
785	滅殺ハヤブサ	4.0	Akuma Hayabusa	4.0
786	ニャームス	1.0		
787	ネコニャームス	1.0		
789	ポチ	1.0		
790	タンクポチ	1.0		
792	クロミ	1.0		
793	クロミとにゃんこたち	1.0		
795	せつ子	1.0		
796	せつ子Love鯖	1.0		
798	ねば～る君	1.0		
799	ねば～る君とにゃんこ	1.0		
801	ネコタイフーン	3.0	Catornado	3.0
802	ネコハリケーン	3.0	Hurricat	3.0
803	ネコあらし	3.0	Catyphoon	3.0
804	ネコずきんミーニャ	1.0	Red Riding Mina	1.0
805	ラブリィずきんミーニャ	1.0	Crimson Mina	1.0
806	覚醒ラブずきんミーニャ	1.0	Awakened Mina	1.0
807	幼獣ガオ	4.0	Baby Gao	4.0
808	皇獣ガオウ	4.0	Mighty Lord Gao	4.0
810	狂乱のユキ	4.0	Crazed Yuki	4.0
811	狂乱のユキ＆ネコ	4.0	Crazed Yuki Cat	4.0
812	狂乱のネコ耳ユキ	4.0		
813	太陽神アマテラス	4.0	Shining Amaterasu	4.0
814	テラアマテラス	4.0	Glorious Amaterasu	4.0
816	繁栄神ガネーシャ	4.0	Splendid Ganesha	4.0
817	ガネーシャエクサ	4.0	Exalted Ganesha	4.0
819	チアにゃんこ	3.0	Cheerleader Cat	3.0
820	ネコウエイトレス	3.0	Waitress Cat	3.0
821	にゃんこそば	3.0	Soba Cat	3.0
822	トロピカルカリファ	4.0	Tropical Kalisa	4.0
823	トロピカルXカリファ	4.0	Tropical Kalisa, type X	4.0
825	真夏のホワイトラビット	4.0	Midsummer Rabbit	4.0
826	真夏のブラックキャット	4.0	Midsummer Cat	4.0
828	夏色ねねこ	3.0	Sunny Neneko	3.0
829	海辺のねねこ	3.0	Seaside Neneko	3.0
831	なめこ	2.0	Funghi	2.0
832	なめこ＆にゃんこ	2.0	Funghi 'n' Cat	2.0
834	なめこタンク	1.0	Tanky	1.0
835	なめこタンク＆にゃんこ	1.0	Tanky 'n' Cat	1.0
837	白ネコなめこ	1.0	White Cat	1.0
838	キモ白ネコなめこ	1.0	Gross White Cat	1.0
840	要塞なめこ	1.0	Fortressy	1.0
841	なめこ＆要塞にゃんこ	1.0	Castley	1.0
843	ふてニャン	2.0		
844	モミモミふてニャン	2.0		
846	ネコ阿波踊り	2.0	Awa-Odori Cat	2.0
847	ネコソーラン	2.0	So-Ran Cat	2.0
849	猫飯拳パイパイ	4.0	Pai-Pai	4.0
850	猫飯拳パイパイZ	4.0	Pai-Pai Z	4.0
852	ネコ特急	3.0	Express Cat	3.0
853	ネコ超特急	3.0	Maglev Cat	3.0
854	ネコエクスプレス	3.0	Bullet Train Cat	3.0
855	286-1	1.0		
856	286-2	1.0		
857	286-3	1.0		
858	閃雷機兵レイ	4.0	Strike Unit R.E.I.	4.0
859	閃雷機兵プラズマレイ	4.0	Assault Unit R.E.I.	4.0
861	ネコ球児	3.0	Little Leaguer Cat	3.0
862	ネコリーガー	3.0	Major Leaguer Cat	3.0
863	ネコゴルファー	3.0	Golfer Cat	3.0
864	鹿目まどか	4.0	Madoka Kaname	4.0
865	まどか＆ネコ	4.0	Madoka & Cat	4.0
867	暁美ほむら	4.0	Homura Akemi	4.0
868	ほむら＆ネコ	4.0	Homura & Cat	4.0
870	美樹さやか	4.0	Sayaka Miki	4.0
871	さやか＆ネコ	4.0	Sayaka & Cat	4.0
873	巴マミ	4.0	Mami Tomoe	4.0
874	マミ＆ネコ	4.0	Mami & Cat	4.0
876	佐倉杏子	4.0	Kyoko Sakura	4.0
877	杏子＆ネコ	4.0	Kyoko & Cat	4.0
879	キュゥべえ	3.0	Kyubey	3.0
880	キュゥべえ＆ネコ	3.0	Kyubey & Cat	3.0
882	ネコまどか	2.0	Madoka Cat	2.0
883	魔法少女ネコまどか	2.0	Magical Girl Madoka Cat	2.0
885	ネコほむら	2.0	Homura Cat	2.0
886	魔法少女ネコほむら	2.0	Magical Girl Homura Cat	2.0
888	ネコさやか	2.0	Sayaka Cat	2.0
889	魔法少女ネコさやか	2.0	Magical Girl Sayaka Cat	2.0
891	ネコマミ	2.0	Mami Cat	2.0
892	魔法少女ネコマミ	2.0	Magical Girl Mami Cat	2.0
894	ネコ杏子	2.0	Kyoko Cat	2.0
895	魔法少女ネコ杏子	2.0	Magical Girl Kyoko Cat	2.0
897	ちびまどか	2.0	Li'l Madoka	2.0
898	ちび魔法少女まどか	2.0	Li'l Magical Girl Madoka	2.0
899	ちびアルティメットまどか	2.0	Li'l Ultimate Madoka	2.0
900	ちびほむら	1.0	Li'l Homura	1.0
901	ちび魔法少女ほむら	1.0	Li'l Magical Girl Homura	1.0
902	ちび悪魔ほむら	1.0	Li'l Devil Homura	1.0
903	ネコキュゥべえ	2.0	Kyubey Cat	2.0
904	タンクキュゥべえ	2.0	Tank Kyubey Cat	2.0
906	ネコアイスゴースト	4.0	Lilith Cat	4.0
907	ネコアイスファントム	4.0	Succubus Cat	4.0
909	ネコ屋台	2.0	Food Stall Cat	2.0
910	ネコの宅配便	2.0	Delivery Cat	2.0
912	帝国陸軍カタパルズ	4.0	Mighty Kat-A-Pult	4.0
913	撃滅戦車ギガパルド	4.0	CAT-6 Siege Engine	4.0
914	超撃滅戦車ギガパルド	4.0	CAT-8 Behemoth	4.0
915	古代軍船ガレーズ	4.0	Mighty Drednot	4.0
916	無敵艦隊シーガレオン	4.0	B.C.S. Lionheart	4.0
917	超無敵艦隊シーガレオン	4.0	B.C.S. Tigerclaw	4.0
918	飛空襲撃ボンバーズ	4.0	Mighty Bomburr	4.0
919	飛行戦艦ボルボンバー	4.0	NEK-0 Sky Fortress	4.0
920	超飛行戦艦ボルボンバー	4.0	NEK-02 Air Citadel	4.0
921	ネコジャンパー	3.0	Vaulter Cat	3.0
922	ネコボールター	3.0	Polevaulter Cat 	3.0
923	ネコ奥様	3.0	Housewife Cat 	3.0
924	ネコバサミ	2.0	Gardener Cat	2.0
925	ネコチェーンソー	2.0	Lumbercat	2.0
926	草刈りネコ	2.0	Weedwacker Cat	2.0
927	ネコ博士	1.0		
928	ネコ博士＆ネコ	1.0		
930	ネコナースキャンドル	4.0	Yuletide Nurse	4.0
931	ネコナースマリア	4.0	Yule Knight Nurse	4.0
933	ちびネコフィッシュ	1.0	Li'l Fish Cat	1.0
934	ちびネコクジラ	1.0	Li'l Whale Cat	1.0
935	ちびネコ島	1.0	Li'l Island Cat	1.0
936	ちびネコトカゲ	1.0	Li'l Lizard Cat	1.0
937	ちびネコドラゴン	1.0	Li'l Dragon Cat	1.0
938	ちびネコキングドラゴン	1.0	Li'l King Dragon Cat	1.0
939	ちび巨神ネコ	1.0	Li'l Titan Cat	1.0
940	ちびネコダラボッチ	1.0	Li'l Mythical Titan	1.0
941	ちびネコジャラミ	1.0	Li'l Jamiera Cat	1.0
942	大掃除ねねこ	3.0	Years-End Neneko	3.0
943	初詣ねねこ	3.0	New Year Neneko	3.0
945	ピコ太郎	2.0	PIKOTARO	2.0
946	ネコ太郎	2.0	NEKOTARO	2.0
948	海王神ポセイドン	4.0	Wrathful Poseidon	4.0
949	ポセイドラグーン	4.0	Valiant Poseidon	4.0
951	CPAC	1.0	CPAC	1.0
952	PPAP	1.0	PPAP	1.0
954	巫女姫ミタマ	4.0	Miko Mitama	4.0
955	白無垢のミタマ	4.0	Mitama the Oracle	4.0
957	殺意のネコ	2.0	Killer Cat	2.0
958	真・殺意のネコ	2.0	True Killer Cat	2.0
960	321_1	2.0		
961	321_2	2.0		
962	321_3	2.0		
963	ナゾウサギ	1.0		
964	兎宮王道	1.0		
966	さるかに合戦	4.0	Sarukani	4.0
967	爆音楽奏サルカニヘヴン	4.0	Rock Revengers	4.0
968	超音楽奏サルカニフェス	4.0	The One-Hit Wonders	4.0
969	宮木武蔵	1.0	Miyamoku Musashi	1.0
970	主演 宮木武蔵	1.0	Heroic Musashi	1.0
971	覚醒 宮木武蔵	1.0	Awakened Musashi	1.0
972	ネコストーン	2.0	Curling Cat	2.0
973	ネコクリーナー	2.0	Zamboney Cat	2.0
974	ネコカメカー	2.0	Green Shell Cat	2.0
975	ネコボクサー	2.0	Welterweight Cat	2.0
976	ネコチャンピオン	2.0	Heavyweight Cat	2.0
977	ネコリベンジ	2.0	Ectoweight Cat	2.0
978	メビウス	4.0	Mobius	4.0
979	奇跡の調和メビウス	4.0	Miraculous Mobius	4.0
981	ベリアル	3.0	Belial	3.0
982	猛進の大逆者ベリアル	3.0	Reckless Belial	3.0
984	ハッピー100	1.0	Happy 100	1.0
985	幸せ連鎖子ハッピー100	1.0	Heartful Happy 100	1.0
987	ネコエッグ	2.0	Eggy Cat	2.0
988	ネコエッグ２	2.0	Easter Cat	2.0
990	上杉謙信・春	4.0	Springtime Kenshin	4.0
991	上杉謙信・春爛漫	4.0	Full-Bloom Kenshin	4.0
993	道化師エッグダック	4.0	Bunny & Canard	4.0
994	闇道化サイコダック	4.0	Disciple Psychoduck	4.0
996	イースターねねこ	3.0	Easter Neneko	3.0
997	イースターバニーねねこ	3.0	Hoppity Neneko	3.0
999	黒獣ガオウ	4.0	Shadow Gao	4.0
1000	皇獣ガオウダーク	4.0	Diabolic Gao	4.0
1002	狐娘ヒメユリ	4.0	Trickster Himeyuri	4.0
1003	九尾の狐姫ヒメユリ	4.0	Himeyuri Ninetails	4.0
1004	豊穣の狐姫ヒメユリ	4.0	Fox Queen Himeyuri	4.0
1005	人魚娘ルリィ	4.0	Sea Maiden Ruri	4.0
1006	宝玉の人魚姫ルリィ	4.0	Sea Mistress Ruri	4.0
1007	竜宮の人魚姫ルリィ	4.0	Mer-Queen Ruri	4.0
1008	ミイラ娘レイカ	4.0	Queen Reika	4.0
1009	玉座のミイラ姫レイカ	4.0	Pharoah Reika	4.0
1010	黄金のミイラ姫レイカ	4.0	Eternal Reika	4.0
1011	プリンセスケリ姫号	4.0		
1012	プリンセスケリ姫号CC	4.0		
1013	プレミアムケリ姫号CC	4.0		
1014	今川義元	4.0	Imagawa Yoshimoto	4.0
1015	武神・今川義元	4.0	Wargod Yoshimoto	4.0
1016	燐火の武神・今川義元	4.0	Immortal Yoshimoto	4.0
1017	340_1	1.0		
1020	赤髪のゆきにゃん	2.0		
1021	赤髪のビューティゆきにゃん	2.0		
1023	失われし世界のユキ	4.0		
1024	失われし世界のユキ＆ネコ	4.0		
1025	失われし世界のネコ耳ユキ	4.0		
1026	ネコまねき	1.0	Maneki Cat	1.0
1027	ネコまねき・寿	1.0	Neo Maneki Cat	1.0
1029	なめネコ	2.0	Slug Jockey Cat	2.0
1030	ネコなめ	2.0	Slugcat	2.0
1032	オルトス	3.0		
1033	オルトスCC	3.0		
1034	彩色のオルトスCC	3.0		
1035	ミシェリア	4.0		
1036	ミシェリアCC	4.0		
1037	午睡のミシェリアCC	4.0		
1038	とどめき	4.0		
1039	とどめきCC	4.0		
1041	ぐでたまにゃんこ	1.0		
1042	ぐでオムにゃんこ	1.0		
1043	ぐでベネにゃんこ	1.0		
1044	ぐでたまプレート	2.0		
1045	ぐでたまベーコンプレート	2.0		
1047	ぐでぐでプリン	3.0		
1048	ぐでぐでアラモード	3.0		
1050	ニセたま軍団	4.0		
1051	ネコニセたま軍団	4.0		
1053	双掌星のシシル＆コマリ	4.0	Twinstars	4.0
1054	双掌星のシシル＆コマリΦ	4.0	Twinstars, type Φ	4.0
1055	双輝星のシシル＆コマリΦ	4.0	Divine Twinstars	4.0
1056	ネコ仙人	1.0	Hermit Cat	1.0
1057	ネコ老師	1.0	Grandmaster Cat	1.0
1059	チョコレート	2.0		
1060	チョコレート進化	2.0		
1061	354_3	2.0		
1062	常夏の果実カイ	4.0	Seashore Kai	4.0
1063	常夏の果実カイμ	4.0	Seashore Kai, type μ	4.0
1065	観測兵器ガリレオ	4.0	Mighty Rekon Korps	4.0
1066	時空基地アルマゲドン	4.0	Orbital Platform Armageddon	4.0
1067	超時空基地アルマゲドン	4.0	Orbital Annihilator Ragnarok	4.0
1068	ノラ	1.0		
1069	覚醒ノラ	1.0		
1071	狼娘ディル	4.0	Wolfchild Deale	4.0
1072	虚飾の狼姫ディル	4.0	Wolf Princess Deale	4.0
1074	ゾンビ娘ヴェルヴェーヌ	4.0	Graveflower Verbena	4.0
1075	死霊の花嫁ヴェルヴェーヌ	4.0	Verbena the Bride	4.0
1077	火の精霊メララ	4.0	Bora	4.0
1078	火炎の精霊メラバーン	4.0	Bazibon	4.0
1079	火炎の精霊王メラバーニング	4.0	Bazibastra	4.0
1080	水の精霊ミズリィ	4.0	Mizli	4.0
1081	流水の精霊ミズマリン	4.0	Marinmizu	4.0
1082	流水の精霊王ミズマリリン	4.0	Mizuririn	4.0
1083	風の精霊エアル	4.0	Aer	4.0
1084	嵐の精霊エアフワン	4.0	Erphuan	4.0
1085	嵐の精霊王エアフワンテ	4.0	Aervanta	4.0
1086	セイバー	4.0	Saber	4.0
1087	セイバーCC	4.0	Saber CC	4.0
1088	セイバーオルタCC	4.0	Saber Alter CC	4.0
1089	遠坂 凛	4.0	Rin Tohsaka	4.0
1090	遠坂 凛CC	4.0	Rin Tohsaka CC	4.0
1092	イリヤスフィール	4.0	Illyasviel	4.0
1093	イリヤスフィールCC	4.0	Illyasviel CC	4.0
1095	アーチャー	4.0	Archer	4.0
1096	アーチャーCC	4.0	Archer CC	4.0
1098	ランサー	4.0	Lancer	4.0
1099	ランサーCC	4.0	Lancer CC	4.0
1101	ライダー	4.0	Rider	4.0
1102	ライダーCC	4.0	Rider CC	4.0
1104	ギルガメッシュ	4.0	Gilgamesh	4.0
1105	ギルガメッシュCC	4.0	Gilgamesh CC	4.0
1107	ネコセイバー	1.0	Saber the Cat	1.0
1108	英霊ネコセイバー	1.0	Heroic Spirit Saber Cat	1.0
1109	ネコセイバーオルタ	1.0	Saber Alter Cat	1.0
1110	ネコ桜	2.0	Sakura the Cat	2.0
1111	エプロンネコ桜	2.0	Apron Sakura Cat	2.0
1112	夢見るネコ桜	2.0	Dreaming Sakura Cat	2.0
1113	ネコ凛	2.0	Rin the Cat	2.0
1114	魔術師ネコ凛	2.0	Mage Rin Cat	2.0
1116	ネコイリヤ	2.0	Illya the Cat	2.0
1117	雪の妖精ネコイリヤ	2.0	Snow Faerie Illya	2.0
1119	ちび士郎	2.0	Li'l Shirou	2.0
1120	ちび士郎CC	2.0	Li'l Shirou CC	2.0
1122	ちび桜	1.0	Li'l Sakura	1.0
1123	ちび桜CC	1.0	Li'l Sakura CC	1.0
1125	記念ネコ	1.0	Coin Cat	1.0
1126	記念ネコビルダー	1.0	Macho Coin Cat	1.0
1128	ネコ探査機	2.0	Rover Cat	2.0
1129	ネコサーチMkⅡ	2.0	Rover Cat Mk II	2.0
1130	ネコサテライト	2.0	Catellite	2.0
1131	ネコフェンシング	3.0	Fencer Cat	3.0
1132	ネコ剣道	3.0	Kendo Cat	3.0
1133	自由のネコ	3.0	The Kitty of Liberty	3.0
1134	黒無垢のミタマ	4.0	Dark Mitama	4.0
1135	黒蝶のミタマダーク	4.0	Gothic Mitama	4.0
1137	ネコバレー	2.0	Volley Cat	2.0
1138	ネコバレエ	2.0	Ballet Cat	2.0
1139	ネコカレー	2.0	Curry Cat	2.0
1140	幼傑ダルターニャ	4.0	D'artanyan	4.0
1141	英傑ダルターニャ	4.0	Meow-sketeer	4.0
1143	ねこ農家	1.0	Farmer Cat	1.0
1144	ねこカブ農家	1.0	Harvest Cat	1.0
1146	ガラスネコ	2.0	Glass Cat	2.0
1147	ガラスネコビルダー	2.0	Macho Glass Cat	2.0
1148	クリスタルネコビルダー	2.0	Macho Crystal Cat	2.0
1149	謎仮面のウララー	1.0	Masked Yulala	1.0
1150	ネコ仮面のウララー	1.0	Mystic Yulala	1.0
1152	氷上聡里＆ネコ	1.0	Satori Hikami & Cat	1.0
1153	氷上聡里＆ネコCC	1.0	Satori Hikami & Cat CC	1.0
1155	矢部明雄	2.0	Akio Yabe	2.0
1156	矢部明雄CC	2.0	Akio Yabe CC	2.0
1157	矢部＆ガンダーロボCC	2.0	Akio & Gunder CC	2.0
1158	虹谷彩理	2.0	Sairi Nijitani	2.0
1159	虹谷彩理CC	2.0	Sairi Nijitani CC	2.0
1161	紺野美崎	2.0	Misaki Konno	2.0
1162	紺野美崎CC	2.0	Misaki Konno CC	2.0
1164	片桐恋	2.0	Ren Katagiri	2.0
1165	片桐恋CC	2.0	Ren Katagiri CC	2.0
1167	猫塚かりん	2.0	Karin Nekozuka	2.0
1168	猫塚かりんCC	2.0	Karin Nekozuka CC	2.0
1170	早川あおい	3.0	Aoi Hayakawa	3.0
1171	早川あおいCC	3.0	Aoi Hayakawa CC	3.0
1172	野球マン１号CC	3.0	Baseball Mask α	3.0
1173	橘みずき	3.0	Mizuki Tachibana	3.0
1174	橘みずきCC	3.0	Mizuki Tachibana CC	3.0
1175	野球マン２号CC	3.0	Baseball Mask β	3.0
1176	六道聖	3.0	Hijiri Rokudo	3.0
1177	六道聖CC	3.0	Hijiri Rokudo CC	3.0
1178	野球マン３号CC	3.0	Baseball Mask γ	3.0
1179	新島早紀	4.0	Saki Nijima	4.0
1180	新島早紀CC	4.0	Saki Nijima CC	4.0
1181	サンバ新島早紀CC	4.0	Samba Saki CC	4.0
1182	星井スバル	4.0	Subaru Hoshi	4.0
1183	星井スバルCC	4.0	Subaru Hoshi CC	4.0
1184	暗黒スバルCC	4.0	Dark Subaru CC	4.0
1185	小山雅	4.0	Miyabi Oyama	4.0
1186	小山雅CC	4.0	Miyabi Oyama CC	4.0
1187	野球マン５号CC	4.0	Baseball Mask δ	4.0
1188	古龍ガングリオン	4.0	Ganglion	4.0
1189	古龍王ガングリオン	4.0	Ganglion the Ancient	4.0
1190	古龍皇帝ガングリオン	4.0	Ganglion the Unleashed	4.0
1191	風隼さくら	4.0	Sakura Sonic	4.0
1192	JK風隼さくら	4.0	Afterschool Sakura	4.0
1194	ハニトンくん	1.0		
1195	ハニトンくん＆にゃんこ	1.0		
1197	めんトリ	2.0	Mentori	2.0
1198	めんトリCC	2.0	Mentori CC	2.0
1200	イモウト	1.0	Imoto	1.0
1201	イモウトCC	1.0	Imoto CC	1.0
1203	雷の精霊ボルト	4.0	Voli	4.0
1204	天雷の精霊ピカボルト	4.0	Volta	4.0
1205	天雷の精霊王ギガボルト	4.0	Gigavolta	4.0
1206	ちびシンジ	2.0	Shinji & Cat	2.0
1207	プラグスーツのちびシンジ	2.0	Plug Suit Shinji	2.0
1208	黒プラグスーツのちびシンジ	2.0	Plug Suit Shinji Black	2.0
1209	ネコゲンドウ＆ネコ冬月	1.0	Gendo & Fuyutsuki Cats	1.0
1210	月のネコゲンドウ＆ネコ冬月	1.0	Moon Gendo & Fuyutsuki Cats	1.0
1212	ネコキリン初号機	2.0	Giraffe Unit-01	2.0
1213	ネコキリン２号機	2.0	Giraffe Unit-02	2.0
1215	ちびカヲル	1.0	Kaworu & Cat	1.0
1216	プラグスーツのちびカヲル	1.0	Plug Suit Kaworu	1.0
1217	月の少年ちびカヲル	1.0	Moon Kaworu	1.0
1218	ネコレイ	2.0	Rei Cat	2.0
1219	ネコアヤナミレイ（仮称）	2.0	Ayanami Cat (TBC)	2.0
1221	ネコアスカ	2.0	Asuka Cat	2.0
1222	エプロンネコアスカ	2.0	Apron Asuka	2.0
1224	ネコマリ	2.0	Mari Cat	2.0
1225	極秘入国ネコマリ	2.0	Special Ops Mari	2.0
1227	ちびレイ	3.0	Rei Ayanami	3.0
1228	プラグスーツのちびレイ	3.0	Plug Suit Rei	3.0
1230	ちびアスカ	3.0	Asuka Langley	3.0
1231	プラグスーツのちびアスカ	3.0	Plug Suit Asuka	3.0
1232	眼帯のちびアスカ	3.0	Eyepatch Li'l Asuka	3.0
1233	ちびマリ	3.0	Mari Illustrious	3.0
1234	プラグスーツのちびマリ	3.0	Plug Suit Mari	3.0
1236	エヴァ零号機	4.0	Eva Unit-00	4.0
1237	エヴァ零号機＆ネコ	4.0	Eva Unit-00 & Cat	4.0
1239	エヴァ初号機	4.0	Eva Unit-01	4.0
1240	エヴァ初号機＆ネコ	4.0	Eva Unit-01 & Cat	4.0
1242	エヴァ２号機	4.0	Eva Unit-02	4.0
1243	エヴァ２号機＆ネコ	4.0	Eva Unit-02 & Cat	4.0
1244	エヴァ改２号機コード７７７	4.0	Unit-02, Code 777	4.0
1245	ネコシンジ	4.0	Shinji Cat	4.0
1246	ネコトウジ＆ネコケンスケ	4.0	Toji & Kensuke Cats	4.0
1248	ゼロムーンオペレーターズ	4.0	Moon Operators	4.0
1249	ファーストムーンネルフ	4.0	NERV Moon	4.0
1251	温泉天国テルマエ	4.0	Mighty Thermae D-Lux	4.0
1252	地底戦隊グランドン	4.0	Subterra Guardians	4.0
1253	超地底戦隊グランドン	4.0	Subterra Sentinels	4.0
1254	狂乱のもねこ	1.0	Crazed Moneko	1.0
1255	狂乱のスターもねこ	1.0	Corrupted Moneko	1.0
1257	ポコタ	2.0	Pokota	2.0
1258	ポコタＣＣ	2.0	Pokota CC	2.0
1260	オビス	2.0	Ovis	2.0
1261	オビスＣＣ	2.0	Ovis CC	2.0
1263	ココ	2.0	Coco	2.0
1264	ココＣＣ	2.0	Coco CC	2.0
1266	太秦萌＆ネコ	2.0		
1267	太秦萌＆ネコＣＣ	2.0		
1269	松賀咲＆ネコ	2.0		
1270	松賀咲＆ネコＣＣ	2.0		
1272	小野ミサ＆ネコ	2.0		
1273	小野ミサ＆ネコＣＣ	2.0		
1275	太秦麗＆ネコ	1.0		
1276	太秦麗＆ネコＣＣ	1.0		
1278	ぶんぶんネコライダー	1.0	Mecha-Bun	1.0
1279	ぶんぶんロボライダー	1.0	Mecha-Bun Mk II	1.0
1280	ぶんぶんネコライダーL	1.0	Ultimate Mecha-Bun	1.0
1281	ネコクエスト	4.0	Cat Clan Heroes	4.0
1282	ネコクエストXI	4.0	Cat Guild Heroes	4.0
1283	ネコクエストXI-2	4.0	Cat Quest Heroes	4.0
1284	そうまにゃん	2.0		
1285	スマートそうまにゃん	2.0		
1287	オタネコギーク	3.0		
1288	ギークネコハッカー	3.0		
1290	ぐでネコマシン	4.0		
1291	ぐでネコマシン・卵	4.0		
1293	亡者探偵ヴィグラー	4.0	Detective Vigler	4.0
1294	魔界探偵グラヴィー	4.0	Inspector Gabriel	4.0
1295	魔神探偵グラヴィティー	4.0		
1296	433_1	2.0	Betakkuma	2.0
1297	433_2	2.0	Black Betakkuma	2.0
1298	433_3	2.0		
1299	434_1	1.0	Nekokkuma	1.0
1300	434_2	1.0	Killer Nekokkuma	1.0
1301	434_3	1.0		
1302	白にゃんこ剣士	1.0		
1303	黒にゃんこ剣士	1.0		
1305	ちびネコヴァルキリー	4.0	Li'l Valkyrie	4.0
1306	ちびネコヴァルキリー・華	4.0	Wind Dancer Valkyrie	4.0
1308	ノビルガ	4.0	Nobiluga	4.0
1309	ノビランパサラン	4.0	Nobilan Pasalan	4.0
1311	激・神さま	1.0	Cat God the Great	1.0
1312	超・神さま	1.0	Cat God the Awesome	1.0
1314	灼熱のビーチクウ	4.0	Waverider Kuu	4.0
1315	灼熱のビーチクウγ	4.0	Waverider Kuu, type γ	4.0
1317	時空神クロノス	4.0	Empress Chronos	4.0
1318	クロノストリガー	4.0	Chronos the Infinite	4.0
1320	ベベ	4.0	Bebe	4.0
1321	なぎさ&ネコ	4.0	Nagisa & Cat	4.0
1323	影傑ダークダルターニャ	4.0	D'arktanyan	4.0
1324	黒傑ダークダルターニャ	4.0	Valiant D'arktanyan	4.0
1326	子連れにゃんこ	2.0	Lone Cat and Kitten	2.0
1327	ネコワゴンサービス	2.0	Vendor Cat and Kitten	2.0
1328	ネコバケーション	2.0	Tourist Cat	2.0
1329	戦隊ドリラ	3.0	Driller Cat	3.0
1330	戦隊パワードリラ	3.0	Power Driller Cat	3.0
1332	戦隊ウチコンガ	3.0	Piledriver Cat	3.0
1333	戦隊パワーウチコンガ	3.0	Power Piledriver Cat	3.0
1335	戦隊チョキンドス	3.0	Cutter Cat	3.0
1336	戦隊パワーチョキンドス	3.0	Power Cutter Cat	3.0
1338	戦隊ショベリン	3.0	Backhoe Cat	3.0
1339	戦隊パワーショベリン	3.0	Power Backhoe Cat	3.0
1341	戦隊チャッソ	3.0	Miter Saw Cat	3.0
1342	戦隊パワーチャッソ	3.0	Power Saw Cat	3.0
1344	宮本武蔵	5.0	Musashi Miyamoto	5.0
1345	剣神・宮本武蔵	5.0	Wargod Miyamoto	5.0
1347	聖会長ジャンヌダルク	5.0	Headmistress Jeanne	5.0
1348	聖会長ジャンヌダルクψ	5.0	Headmistress Jeanne ψ	5.0
1350	天城龍バベル	5.0	High Lord Babel	5.0
1351	魔城龍バベル	5.0	Babel the Darkflame	5.0
1353	うしわか丸	5.0	Ushiwakamaru	5.0
1354	巨大神兵ベンケイ	5.0	Colossal Benkei	5.0
1356	古代ネコ	2.0	Primordial Cat	2.0
1357	現代ネコ	2.0	Modern Cat	2.0
1359	きたろう	1.0		
1360	ゲゲゲの鬼太郎	1.0		
1362	目玉おやじ	1.0		
1363	入浴おやじ	1.0		
1365	ワンダー・モモコ	5.0	Wonder MOMOCO	5.0
1366	キューティー・モモコ	5.0	Cutie MOMOCO	5.0
1368	間桐 桜	4.0	Sakura Matou	4.0
1369	間桐 桜CC	4.0	Sakura Matou CC	4.0
1371	ネコ士郎	1.0	Shirou the Cat	1.0
1372	魔術師見習いネコ士郎	1.0	Novice Mage Shirou Cat	1.0
1374	アーチャーネコ	2.0	Archer the Cat	2.0
1375	英霊アーチャーネコ	2.0	Heroic Spirit Archer Cat	2.0
1377	ネコライダー	2.0	Rider the Cat	2.0
1378	英霊ネコライダー	2.0	Heroic Spirit Rider Cat	2.0
1380	ネコ言峰＆ネコギルガメッシュ	3.0	Kotomine & Gilgamesh Cats	3.0
1381	ネコギルガメッシュ＆ネコ言峰	3.0	Gilgamesh & Kotomine Cats	3.0
1383	レジェルガ	5.0	Legeluga	5.0
1384	レジェランパサラン	5.0	Legelan Pasalan	5.0
1386	フィリバスターX	1.0	Filibuster Cat X	1.0
1387	フィリバスターY	1.0	Filibuster Cat Y	1.0
1389	終末兵器ムー	5.0	Mighty Kristul Muu	5.0
1390	極秘研究機関パンドラ	5.0	Doom Engine Pandora	5.0
1392	土偶戦士ドグ丸	1.0	Dogumaru	1.0
1393	土偶戦士ドグえもん	1.0	Doguemon	1.0
1395	majimeow（仮）	2.0		
1396	majimeow（仮）進化	2.0		
1398	ブラックゼウス	5.0		
1399	闇次神子ブラックゼウス	5.0		
1401	スーパーゼウス	4.0		
1402	全能神スーパーゼウス	4.0		
1404	聖フェニックス	4.0		
1405	聖戦衣化聖フェニックス	4.0		
1406	ヘッドロココ	4.0		
1407	スーパーデビル	4.0		
1408	偽神スーパーデビル	4.0		
1410	サタンマリア	4.0		
1411	ワンダーマリア	4.0		
1413	ヘラクライスト	4.0		
1414	完璧ヘラクライスト	4.0		
1416	ネロ魔身	3.0		
1417	魔肖ネロ	3.0		
1419	ヤマト王子	2.0		
1420	ヤマト神帝	2.0		
1421	ヤマト爆神	2.0		
1422	十字架天使	1.0		
1423	クロスエンジェル	1.0		
1424	ストライク天使	1.0		
1425	ネコ若神子	1.0		
1426	ネコ神帝	1.0		
1428	ネコデビル	1.0		
1429	ネコ邪神	1.0		
1431	ネコの助	1.0		
1432	ネコ老守	1.0		
1434	幻の精霊ルミナ	5.0	Lumina	5.0
1435	夢幻の精霊ルミナリア	5.0	Luminalia	5.0
1437	グミネコ	1.0		
1438	ラッキーネコ	1.0		
1440	ねこ娘	2.0		
1441	ネコねこ娘	2.0		
1443	超越科学者ヘヴン博士	5.0	Doktor Heaven	5.0
1444	時空科学者アビス博士	5.0	Professor Abyss	5.0
1446	幸せを願った少年ソウマ	4.0		
1447	幸せを願った少年ソウマ＆ネコ	4.0		
1449	カノとソウマ	2.0		
1450	カノとソウマとネコ	2.0		
1452	黒ちびネコヴァルキリー	4.0	Li'l Valkyrie Dark	4.0
1453	黒ちびネコヴァルキリー・紅	4.0	Dark Rider Valkyrie	4.0
1455	カレット	4.0		
1456	カレットCC	4.0		
1458	ひな	3.0		
1459	剣士ひな	3.0		
1461	エヴァ８号機	4.0	Eva Unit-08	4.0
1462	エヴァ８号機＆ネコ	4.0	Eva Unit-08 & Cat	4.0
1464	空中艦艇ネコヴンダー	4.0	AAA Wunder	4.0
1465	希望の船NNNネコヴンダー	4.0	NNN Wunder	4.0
1467	ちびミサト	3.0	Misato Katsuragi	3.0
1468	ヴンダー艦長のちびミサト	3.0	Captain Misato	3.0
1470	ちびリツコ	3.0	Ritsuko Akagi	3.0
1471	ヴンダー副長のちびリツコ	3.0	First Officer Ritsuko	3.0
1473	ちびアヤナミレイ(仮称)	3.0	Rei Ayanami (???)	3.0
1474	目覚めのちびアヤナミ	3.0	Awakened Ayanami	3.0
1476	493_1	2.0		
1477	493_2	2.0		
1478	493_3	2.0		
1479	創造神ガイア	5.0	Gaia the Creator	5.0
1480	ゴッドガイア	5.0	Gaia the Supreme 	5.0
1482	潮風のセーラーカッパー	4.0	Seabreeze Coppermine	4.0
1483	潮風のセーラーカッパーκ	4.0	Seabreeze Coppermine, type κ	4.0
1485	ネコマタドール	2.0	Matador Cat	2.0
1486	ネコフラメンコ	2.0	Flamenco Cat	2.0
1488	成田甲斐	4.0	Narita Kaihime	4.0
1489	武神・成田甲斐	4.0	Wargod Kaihime	4.0
1491	498_1	1.0	Shakurel Cat	1.0
1492	498_2	1.0	Shakurel Macho Cat	1.0
1493	498_3	1.0		
1494	499_1	1.0	Shakurel Lion	1.0
1495	499_2	1.0	Shakurel Lion CC	1.0
1496	499_3	1.0		
1497	500_1	1.0	Shakurel Tiger	1.0
1498	500_2	1.0	Shakurel Tiger CC	1.0
1499	500_3	1.0		
1500	501_1	1.0	Shakurel Panda	1.0
1501	501_2	1.0	Shakurel Panda CC	1.0
1502	501_3	1.0		
1503	ネコ兄弟S	2.0	Cat Bros	2.0
1504	ネコバカ兄弟S	2.0	Baka Cat Bros	2.0
1506	英雄令嬢メルシュ	4.0	Myrcia 	4.0
1507	英雄令嬢メルシュξ	4.0	Myrcia, type ξ	4.0
1509	ネコ２Ｄ	2.0		
1510	ネコ３Ｄ	2.0		
1512	おやじネコ(店主)	1.0		
1513	おやじネコ(現役)	1.0		
1515	角龍グラディオス	4.0	Relentless Gladios	4.0
1516	角龍王グラディオス	4.0	Gladios the Annihilator	4.0
1518	アイウォルツ	4.0		
1519	アイウォルツCC	4.0		
1521	スーパーにゃん	2.0	Mightycat	2.0
1522	ジャイにゃん	2.0	Supercat	2.0
1524	ネコリュウ	2.0	Ryu Cat	2.0
1525	ネコリュウCC	2.0	Ryu Cat CC	2.0
1527	ネコ春麗	1.0	Chun-Li Cat	1.0
1528	ネコ春麗CC	1.0	Chun-Li Cat CC	1.0
1530	豪鬼	5.0	Akuma	5.0
1531	豪鬼CC	5.0	Akuma CC	5.0
1533	リュウ	4.0	Ryu	4.0
1534	リュウCC	4.0	Ryu CC	4.0
1536	春麗	4.0	Chun-Li	4.0
1537	春麗CC	4.0	Chun-Li CC	4.0
1539	ガイル	4.0	Guile	4.0
1540	ガイルCC	4.0	Guile CC	4.0
1542	ザンギエフ	4.0	Zangief	4.0
1543	ザンギエフCC	4.0	Zangief CC	4.0
1545	ブランカ	4.0	Blanka	4.0
1546	ブランカCC	4.0	Blanka CC	4.0
1548	ダルシム	4.0	Dhalsim	4.0
1549	ダルシムCC	4.0	Dhalsim CC	4.0
1551	ケン	4.0	Ken	4.0
1552	ケンCC	4.0	Ken CC	4.0
1554	ゴウキリン	2.0	Akuma Giraffe	2.0
1555	ゴウキライオン	2.0	Akuma Lion	2.0
1557	ラスヴォース	4.0	Lasvoss	4.0
1558	ファイナルラスヴォース	4.0	Ultimate Lasvoss	4.0
1560	ネコ七福神	3.0	Good-Luck Ebisu	3.0
1561	ネコ七福邪神	3.0	Bad-Luck Ebisu	3.0
1563	ネコメデューサ	2.0	Medusa Cat	2.0
1564	ネコツインテール	2.0	Twintail Medusa Cat	2.0
1566	泉のネコ女神	3.0	Nymph Cat	3.0
1567	ネコメダリスト	3.0	Medalist Cat	3.0
1569	ネコ武闘家	2.0	Wushu Cat	2.0
1570	ネコ師範	2.0	Sifu Cat	2.0
1572	ソラカラちゃん	2.0		
1573	ソラカラちゃん＆ネコ	2.0		
1575	きんたろう	4.0	Kintaro	4.0
1576	猛銃戦隊キンレンジャー	4.0	Kinrangers RoboForce	4.0
1578	冬天使のシシル＆コマリ	4.0	Snow Angel Twinstars	4.0
1579	冬天使のシシル＆コマリΦ	4.0	Snow Angel Twinstars, type Φ	4.0
1581	ネコスライム	2.0	Slime Cat	2.0
1582	ネコゼリーフィッシュ	2.0	Jellycat	2.0
1584	ネコサック	2.0	Cossack Cat	2.0
1585	ネコウォッカ	2.0	Vodka Cat	2.0
1587	厄災の子キャスリィ	4.0		
1588	祝祭の聖女キャスリィ	4.0		
1590	エルメ	4.0		
1591	エルメCC	4.0		
1593	ネコックマ	2.0		
1594	ネコブラックマ	2.0		
1596	フェンリルとウルス	1.0		
1597	ミケとウルス	1.0		
